Reorder Data in Log Files,Easy,https://leetcode.com/problems/reorder-data-in-log-files
Number of Islands,Medium,https://leetcode.com/problems/number-of-islands
Critical Connections in a Network,Hard,https://leetcode.com/problems/critical-connections-in-a-network
Two Sum,Easy,https://leetcode.com/problems/two-sum
LRU Cache,Medium,https://leetcode.com/problems/lru-cache
K Closest Points to Origin,Medium,https://leetcode.com/problems/k-closest-points-to-origin
Most Common Word,Easy,https://leetcode.com/problems/most-common-word
Copy List with Random Pointer,Medium,https://leetcode.com/problems/copy-list-with-random-pointer
Longest Palindromic Substring,Medium,https://leetcode.com/problems/longest-palindromic-substring
Rotting Oranges,Medium,https://leetcode.com/problems/rotting-oranges
Trapping Rain Water,Hard,https://leetcode.com/problems/trapping-rain-water
Merge k Sorted Lists,Hard,https://leetcode.com/problems/merge-k-sorted-lists
Partition Labels,Medium,https://leetcode.com/problems/partition-labels
Add Two Numbers,Medium,https://leetcode.com/problems/add-two-numbers
Valid Parentheses,Easy,https://leetcode.com/problems/valid-parentheses
Merge Two Sorted Lists,Easy,https://leetcode.com/problems/merge-two-sorted-lists
Word Ladder,Medium,https://leetcode.com/problems/word-ladder
Find Median from Data Stream,Hard,https://leetcode.com/problems/find-median-from-data-stream
Serialize and Deserialize Binary Tree,Hard,https://leetcode.com/problems/serialize-and-deserialize-binary-tree
Top K Frequent Words,Medium,https://leetcode.com/problems/top-k-frequent-words
Subtree of Another Tree,Easy,https://leetcode.com/problems/subtree-of-another-tree
Search a 2D Matrix II,Medium,https://leetcode.com/problems/search-a-2d-matrix-ii
Word Ladder II,Hard,https://leetcode.com/problems/word-ladder-ii
Concatenated Words,Hard,https://leetcode.com/problems/concatenated-words
Design Search Autocomplete System,Hard,https://leetcode.com/problems/design-search-autocomplete-system
Prison Cells After N Days,Medium,https://leetcode.com/problems/prison-cells-after-n-days
Best Time to Buy and Sell Stock,Easy,https://leetcode.com/problems/best-time-to-buy-and-sell-stock
Integer to English Words,Hard,https://leetcode.com/problems/integer-to-english-words
Median of Two Sorted Arrays,Hard,https://leetcode.com/problems/median-of-two-sorted-arrays
Longest Substring Without Repeating Characters,Medium,https://leetcode.com/problems/longest-substring-without-repeating-characters
Meeting Rooms II,Medium,https://leetcode.com/problems/meeting-rooms-ii
Letter Combinations of a Phone Number,Medium,https://leetcode.com/problems/letter-combinations-of-a-phone-number
Design Tic-Tac-Toe,Medium,https://leetcode.com/problems/design-tic-tac-toe
Word Break,Medium,https://leetcode.com/problems/word-break
Min Stack,Easy,https://leetcode.com/problems/min-stack
Rotate Image,Medium,https://leetcode.com/problems/rotate-image
Lowest Common Ancestor of a Binary Tree,Medium,https://leetcode.com/problems/lowest-common-ancestor-of-a-binary-tree
Product of Array Except Self,Medium,https://leetcode.com/problems/product-of-array-except-self
Word Search II,Hard,https://leetcode.com/problems/word-search-ii
Integer to Roman,Medium,https://leetcode.com/problems/integer-to-roman
Sliding Window Maximum,Hard,https://leetcode.com/problems/sliding-window-maximum
Alien Dictionary,Hard,https://leetcode.com/problems/alien-dictionary
LFU Cache,Hard,https://leetcode.com/problems/lfu-cache
3Sum,Medium,https://leetcode.com/problems/3sum
Search in Rotated Sorted Array,Medium,https://leetcode.com/problems/search-in-rotated-sorted-array
Cut Off Trees for Golf Event,Hard,https://leetcode.com/problems/cut-off-trees-for-golf-event
Design In-Memory File System,Hard,https://leetcode.com/problems/design-in-memory-file-system
Snakes and Ladders,Medium,https://leetcode.com/problems/snakes-and-ladders
Compare Version Numbers,Medium,https://leetcode.com/problems/compare-version-numbers
Merge Intervals,Medium,https://leetcode.com/problems/merge-intervals
Insert Delete GetRandom O(1),Medium,https://leetcode.com/problems/insert-delete-getrandom-o1
Maximum Subarray,Easy,https://leetcode.com/problems/maximum-subarray
Group Anagrams,Medium,https://leetcode.com/problems/group-anagrams
Boundary of Binary Tree,Medium,https://leetcode.com/problems/boundary-of-binary-tree
Container With Most Water,Medium,https://leetcode.com/problems/container-with-most-water
Minimum Window Substring,Hard,https://leetcode.com/problems/minimum-window-substring
Spiral Matrix,Medium,https://leetcode.com/problems/spiral-matrix
Analyze User Website Visit Pattern,Medium,https://leetcode.com/problems/analyze-user-website-visit-pattern
Jump Game II,Hard,https://leetcode.com/problems/jump-game-ii
Reverse Linked List,Easy,https://leetcode.com/problems/reverse-linked-list
Minimum Cost to Connect Sticks,Medium,https://leetcode.com/problems/minimum-cost-to-connect-sticks
Find the Celebrity,Medium,https://leetcode.com/problems/find-the-celebrity
Binary Tree Maximum Path Sum,Hard,https://leetcode.com/problems/binary-tree-maximum-path-sum
Coin Change,Medium,https://leetcode.com/problems/coin-change
All Nodes Distance K in Binary Tree,Medium,https://leetcode.com/problems/all-nodes-distance-k-in-binary-tree
Number of Distinct Islands,Medium,https://leetcode.com/problems/number-of-distinct-islands
Binary Tree Zigzag Level Order Traversal,Medium,https://leetcode.com/problems/binary-tree-zigzag-level-order-traversal
Flood Fill,Easy,https://leetcode.com/problems/flood-fill
Reverse Nodes in k-Group,Hard,https://leetcode.com/problems/reverse-nodes-in-k-group
Flatten Nested List Iterator,Medium,https://leetcode.com/problems/flatten-nested-list-iterator
Validate Binary Search Tree,Medium,https://leetcode.com/problems/validate-binary-search-tree
The Maze,Medium,https://leetcode.com/problems/the-maze
Implement Trie (Prefix Tree),Medium,https://leetcode.com/problems/implement-trie-prefix-tree
Encode and Decode TinyURL,Medium,https://leetcode.com/problems/encode-and-decode-tinyurl
Search Suggestions System,Medium,https://leetcode.com/problems/search-suggestions-system
Basic Calculator,Hard,https://leetcode.com/problems/basic-calculator
Recover Binary Search Tree,Hard,https://leetcode.com/problems/recover-binary-search-tree
Game of Life,Medium,https://leetcode.com/problems/game-of-life
Find All Anagrams in a String,Medium,https://leetcode.com/problems/find-all-anagrams-in-a-string
Populating Next Right Pointers in Each Node,Medium,https://leetcode.com/problems/populating-next-right-pointers-in-each-node
Generate Parentheses,Medium,https://leetcode.com/problems/generate-parentheses
The Skyline Problem,Hard,https://leetcode.com/problems/the-skyline-problem
Basic Calculator III,Hard,https://leetcode.com/problems/basic-calculator-iii
Binary Tree Vertical Order Traversal,Medium,https://leetcode.com/problems/binary-tree-vertical-order-traversal
First Unique Character in a String,Easy,https://leetcode.com/problems/first-unique-character-in-a-string
Construct Binary Tree from Preorder and Inorder Traversal,Medium,https://leetcode.com/problems/construct-binary-tree-from-preorder-and-inorder-traversal
Kth Largest Element in an Array,Medium,https://leetcode.com/problems/kth-largest-element-in-an-array
Binary Tree Level Order Traversal,Medium,https://leetcode.com/problems/binary-tree-level-order-traversal
Course Schedule,Medium,https://leetcode.com/problems/course-schedule
Decode Ways,Medium,https://leetcode.com/problems/decode-ways
Word Break II,Hard,https://leetcode.com/problems/word-break-ii
Minimum Path Sum,Medium,https://leetcode.com/problems/minimum-path-sum
Largest Rectangle in Histogram,Hard,https://leetcode.com/problems/largest-rectangle-in-histogram
Prime Palindrome,Medium,https://leetcode.com/problems/prime-palindrome
Roman to Integer,Easy,https://leetcode.com/problems/roman-to-integer
Basic Calculator II,Medium,https://leetcode.com/problems/basic-calculator-ii
Populating Next Right Pointers in Each Node II,Medium,https://leetcode.com/problems/populating-next-right-pointers-in-each-node-ii
The Maze II,Medium,https://leetcode.com/problems/the-maze-ii
Serialize and Deserialize BST,Medium,https://leetcode.com/problems/serialize-and-deserialize-bst
Jump Game,Medium,https://leetcode.com/problems/jump-game
Max Area of Island,Medium,https://leetcode.com/problems/max-area-of-island
Design Hit Counter,Medium,https://leetcode.com/problems/design-hit-counter
Lowest Common Ancestor of a Binary Search Tree,Easy,https://leetcode.com/problems/lowest-common-ancestor-of-a-binary-search-tree
Restore IP Addresses,Medium,https://leetcode.com/problems/restore-ip-addresses
Minimum Cost to Merge Stones,Hard,https://leetcode.com/problems/minimum-cost-to-merge-stones
Search a 2D Matrix,Medium,https://leetcode.com/problems/search-a-2d-matrix
String to Integer (atoi),Medium,https://leetcode.com/problems/string-to-integer-atoi
Path With Maximum Minimum Value,Medium,https://leetcode.com/problems/path-with-maximum-minimum-value
Maximal Square,Medium,https://leetcode.com/problems/maximal-square
Diameter of Binary Tree,Easy,https://leetcode.com/problems/diameter-of-binary-tree
Symmetric Tree,Easy,https://leetcode.com/problems/symmetric-tree
Number of Distinct Islands II,Hard,https://leetcode.com/problems/number-of-distinct-islands-ii
Binary Search Tree Iterator,Medium,https://leetcode.com/problems/binary-search-tree-iterator
Add Two Numbers II,Medium,https://leetcode.com/problems/add-two-numbers-ii
Reorder List,Medium,https://leetcode.com/problems/reorder-list
Next Permutation,Medium,https://leetcode.com/problems/next-permutation
Gas Station,Medium,https://leetcode.com/problems/gas-station
Palindrome Linked List,Easy,https://leetcode.com/problems/palindrome-linked-list
Binary Tree Right Side View,Medium,https://leetcode.com/problems/binary-tree-right-side-view
Edit Distance,Hard,https://leetcode.com/problems/edit-distance
Max Points on a Line,Hard,https://leetcode.com/problems/max-points-on-a-line
Word Search,Medium,https://leetcode.com/problems/word-search
Top K Frequent Elements,Medium,https://leetcode.com/problems/top-k-frequent-elements
Unique Paths,Medium,https://leetcode.com/problems/unique-paths
Design Excel Sum Formula,Hard,https://leetcode.com/problems/design-excel-sum-formula
Decode String,Medium,https://leetcode.com/problems/decode-string
Design Snake Game,Medium,https://leetcode.com/problems/design-snake-game
Shuffle an Array,Medium,https://leetcode.com/problems/shuffle-an-array
Number of Connected Components in an Undirected Graph,Medium,https://leetcode.com/problems/number-of-connected-components-in-an-undirected-graph
Clone Graph,Medium,https://leetcode.com/problems/clone-graph
Design HashMap,Easy,https://leetcode.com/problems/design-hashmap
Palindrome Pairs,Hard,https://leetcode.com/problems/palindrome-pairs
Baseball Game,Easy,https://leetcode.com/problems/baseball-game
Employee Free Time,Hard,https://leetcode.com/problems/employee-free-time
Zigzag Iterator,Medium,https://leetcode.com/problems/zigzag-iterator
Shortest Path in Binary Matrix,Medium,https://leetcode.com/problems/shortest-path-in-binary-matrix
Maximum Average Subtree,Medium,https://leetcode.com/problems/maximum-average-subtree
Department Top Three Salaries,Hard,https://leetcode.com/problems/department-top-three-salaries
Evaluate Reverse Polish Notation,Medium,https://leetcode.com/problems/evaluate-reverse-polish-notation
Regular Expression Matching,Hard,https://leetcode.com/problems/regular-expression-matching
Find the Closest Palindrome,Hard,https://leetcode.com/problems/find-the-closest-palindrome
Simplify Path,Medium,https://leetcode.com/problems/simplify-path
Two Sum Less Than K,Easy,https://leetcode.com/problems/two-sum-less-than-k
Unique Binary Search Trees,Medium,https://leetcode.com/problems/unique-binary-search-trees
Pacific Atlantic Water Flow,Medium,https://leetcode.com/problems/pacific-atlantic-water-flow
Traffic Light Controlled Intersection,Easy,https://leetcode.com/problems/traffic-light-controlled-intersection
Best Time to Buy and Sell Stock II,Easy,https://leetcode.com/problems/best-time-to-buy-and-sell-stock-ii
Maximum Frequency Stack,Hard,https://leetcode.com/problems/maximum-frequency-stack
Interleaving String,Hard,https://leetcode.com/problems/interleaving-string
Walls and Gates,Medium,https://leetcode.com/problems/walls-and-gates
Solve the Equation,Medium,https://leetcode.com/problems/solve-the-equation
Combination Sum,Medium,https://leetcode.com/problems/combination-sum
Spiral Matrix II,Medium,https://leetcode.com/problems/spiral-matrix-ii
Shortest Distance from All Buildings,Hard,https://leetcode.com/problems/shortest-distance-from-all-buildings
Minesweeper,Medium,https://leetcode.com/problems/minesweeper
Majority Element,Easy,https://leetcode.com/problems/majority-element
Maximum Product Subarray,Medium,https://leetcode.com/problems/maximum-product-subarray
Next Greater Element II,Medium,https://leetcode.com/problems/next-greater-element-ii
Course Schedule II,Medium,https://leetcode.com/problems/course-schedule-ii
Two Sum II - Input array is sorted,Easy,https://leetcode.com/problems/two-sum-ii-input-array-is-sorted
Subsets,Medium,https://leetcode.com/problems/subsets
Burst Balloons,Hard,https://leetcode.com/problems/burst-balloons
Merge Sorted Array,Easy,https://leetcode.com/problems/merge-sorted-array
Count of Smaller Numbers After Self,Hard,https://leetcode.com/problems/count-of-smaller-numbers-after-self
Add and Search Word - Data structure design,Medium,https://leetcode.com/problems/add-and-search-word-data-structure-design
Meeting Rooms,Easy,https://leetcode.com/problems/meeting-rooms
Reverse Linked List II,Medium,https://leetcode.com/problems/reverse-linked-list-ii
Number of Dice Rolls With Target Sum,Medium,https://leetcode.com/problems/number-of-dice-rolls-with-target-sum
Intersection of Two Linked Lists,Easy,https://leetcode.com/problems/intersection-of-two-linked-lists
Convert BST to Greater Tree,Easy,https://leetcode.com/problems/convert-bst-to-greater-tree
Valid Sudoku,Medium,https://leetcode.com/problems/valid-sudoku
Graph Valid Tree,Medium,https://leetcode.com/problems/graph-valid-tree
First Missing Positive,Hard,https://leetcode.com/problems/first-missing-positive
Sort Colors,Medium,https://leetcode.com/problems/sort-colors
Reconstruct Itinerary,Medium,https://leetcode.com/problems/reconstruct-itinerary
Longest Absolute File Path,Medium,https://leetcode.com/problems/longest-absolute-file-path
Unique Paths III,Hard,https://leetcode.com/problems/unique-paths-iii
Longest Valid Parentheses,Hard,https://leetcode.com/problems/longest-valid-parentheses
Longest Consecutive Sequence,Hard,https://leetcode.com/problems/longest-consecutive-sequence
Two Sum IV - Input is a BST,Easy,https://leetcode.com/problems/two-sum-iv-input-is-a-bst
Find Minimum in Rotated Sorted Array,Medium,https://leetcode.com/problems/find-minimum-in-rotated-sorted-array
Permutations,Medium,https://leetcode.com/problems/permutations
Insert Interval,Hard,https://leetcode.com/problems/insert-interval
Subarray Sum Equals K,Medium,https://leetcode.com/problems/subarray-sum-equals-k
Summary Ranges,Medium,https://leetcode.com/problems/summary-ranges
Remove Nth Node From End of List,Medium,https://leetcode.com/problems/remove-nth-node-from-end-of-list
Bus Routes,Hard,https://leetcode.com/problems/bus-routes
Convert Sorted List to Binary Search Tree,Medium,https://leetcode.com/problems/convert-sorted-list-to-binary-search-tree
Nth Highest Salary,Medium,https://leetcode.com/problems/nth-highest-salary
Robot Room Cleaner,Hard,https://leetcode.com/problems/robot-room-cleaner
Missing Number,Easy,https://leetcode.com/problems/missing-number
Reorganize String,Medium,https://leetcode.com/problems/reorganize-string
Best Time to Buy and Sell Stock III,Hard,https://leetcode.com/problems/best-time-to-buy-and-sell-stock-iii
Next Greater Element I,Easy,https://leetcode.com/problems/next-greater-element-i
Largest Number,Medium,https://leetcode.com/problems/largest-number
Daily Temperatures,Medium,https://leetcode.com/problems/daily-temperatures
Candy,Hard,https://leetcode.com/problems/candy
Largest BST Subtree,Medium,https://leetcode.com/problems/largest-bst-subtree
Max Stack,Easy,https://leetcode.com/problems/max-stack
Minimum Cost For Tickets,Medium,https://leetcode.com/problems/minimum-cost-for-tickets
Peeking Iterator,Medium,https://leetcode.com/problems/peeking-iterator
Kth Largest Element in a Stream,Easy,https://leetcode.com/problems/kth-largest-element-in-a-stream
Frog Jump,Hard,https://leetcode.com/problems/frog-jump
Vertical Order Traversal of a Binary Tree,Medium,https://leetcode.com/problems/vertical-order-traversal-of-a-binary-tree
Connecting Cities With Minimum Cost,Medium,https://leetcode.com/problems/connecting-cities-with-minimum-cost
Swap Nodes in Pairs,Medium,https://leetcode.com/problems/swap-nodes-in-pairs
Path Sum III,Medium,https://leetcode.com/problems/path-sum-iii
Longest Increasing Subsequence,Medium,https://leetcode.com/problems/longest-increasing-subsequence
Maximal Rectangle,Hard,https://leetcode.com/problems/maximal-rectangle
132 Pattern,Medium,https://leetcode.com/problems/132-pattern
Linked List Cycle,Easy,https://leetcode.com/problems/linked-list-cycle
Path Sum II,Medium,https://leetcode.com/problems/path-sum-ii
Inorder Successor in BST,Medium,https://leetcode.com/problems/inorder-successor-in-bst
Find K Pairs with Smallest Sums,Medium,https://leetcode.com/problems/find-k-pairs-with-smallest-sums
Best Time to Buy and Sell Stock IV,Hard,https://leetcode.com/problems/best-time-to-buy-and-sell-stock-iv
Moving Average from Data Stream,Easy,https://leetcode.com/problems/moving-average-from-data-stream
3Sum Closest,Medium,https://leetcode.com/problems/3sum-closest
Climbing Stairs,Easy,https://leetcode.com/problems/climbing-stairs
N-Queens,Hard,https://leetcode.com/problems/n-queens
Next Greater Element III,Medium,https://leetcode.com/problems/next-greater-element-iii
Sort List,Medium,https://leetcode.com/problems/sort-list
Find the Duplicate Number,Medium,https://leetcode.com/problems/find-the-duplicate-number
Coin Change 2,Medium,https://leetcode.com/problems/coin-change-2
Second Highest Salary,Easy,https://leetcode.com/problems/second-highest-salary
Triangle,Medium,https://leetcode.com/problems/triangle
4Sum,Medium,https://leetcode.com/problems/4sum
Closest Binary Search Tree Value,Easy,https://leetcode.com/problems/closest-binary-search-tree-value
Kth Smallest Element in a Sorted Matrix,Medium,https://leetcode.com/problems/kth-smallest-element-in-a-sorted-matrix
Single Element in a Sorted Array,Medium,https://leetcode.com/problems/single-element-in-a-sorted-array
Isomorphic Strings,Easy,https://leetcode.com/problems/isomorphic-strings
Unique Paths II,Medium,https://leetcode.com/problems/unique-paths-ii
Longest Duplicate Substring,Hard,https://leetcode.com/problems/longest-duplicate-substring
Set Matrix Zeroes,Medium,https://leetcode.com/problems/set-matrix-zeroes
Sliding Window Median,Hard,https://leetcode.com/problems/sliding-window-median
Text Justification,Hard,https://leetcode.com/problems/text-justification
Implement Queue using Stacks,Easy,https://leetcode.com/problems/implement-queue-using-stacks
Maximum Product of Three Numbers,Easy,https://leetcode.com/problems/maximum-product-of-three-numbers
Find All Duplicates in an Array,Medium,https://leetcode.com/problems/find-all-duplicates-in-an-array
Majority Element II,Medium,https://leetcode.com/problems/majority-element-ii
Longest Common Prefix,Easy,https://leetcode.com/problems/longest-common-prefix
Cheapest Flights Within K Stops,Medium,https://leetcode.com/problems/cheapest-flights-within-k-stops
Longest Substring with At Most K Distinct Characters,Hard,https://leetcode.com/problems/longest-substring-with-at-most-k-distinct-characters
Maximum Size Subarray Sum Equals k,Medium,https://leetcode.com/problems/maximum-size-subarray-sum-equals-k
Wildcard Matching,Hard,https://leetcode.com/problems/wildcard-matching
Basic Calculator IV,Hard,https://leetcode.com/problems/basic-calculator-iv
Single Number,Easy,https://leetcode.com/problems/single-number
Binary Tree Longest Consecutive Sequence,Medium,https://leetcode.com/problems/binary-tree-longest-consecutive-sequence
Longest Increasing Path in a Matrix,Hard,https://leetcode.com/problems/longest-increasing-path-in-a-matrix
Find the Shortest Superstring,Hard,https://leetcode.com/problems/find-the-shortest-superstring
Exclusive Time of Functions,Medium,https://leetcode.com/problems/exclusive-time-of-functions
Plus One Linked List,Medium,https://leetcode.com/problems/plus-one-linked-list
Rectangle Overlap,Easy,https://leetcode.com/problems/rectangle-overlap
Maximum Depth of Binary Tree,Easy,https://leetcode.com/problems/maximum-depth-of-binary-tree
Implement strStr(),Easy,https://leetcode.com/problems/implement-strstr
Find Duplicate Subtrees,Medium,https://leetcode.com/problems/find-duplicate-subtrees
ZigZag Conversion,Medium,https://leetcode.com/problems/zigzag-conversion
Evaluate Division,Medium,https://leetcode.com/problems/evaluate-division
Longest Palindromic Subsequence,Medium,https://leetcode.com/problems/longest-palindromic-subsequence
Valid Parenthesis String,Medium,https://leetcode.com/problems/valid-parenthesis-string
Substring with Concatenation of All Words,Hard,https://leetcode.com/problems/substring-with-concatenation-of-all-words
Valid Anagram,Easy,https://leetcode.com/problems/valid-anagram
Intersection of Two Arrays,Easy,https://leetcode.com/problems/intersection-of-two-arrays
Knight Probability in Chessboard,Medium,https://leetcode.com/problems/knight-probability-in-chessboard
Time Based Key-Value Store,Medium,https://leetcode.com/problems/time-based-key-value-store
Reverse String,Easy,https://leetcode.com/problems/reverse-string
Capacity To Ship Packages Within D Days,Medium,https://leetcode.com/problems/capacity-to-ship-packages-within-d-days
Remove Invalid Parentheses,Hard,https://leetcode.com/problems/remove-invalid-parentheses
Divide Two Integers,Medium,https://leetcode.com/problems/divide-two-integers
Path Sum,Easy,https://leetcode.com/problems/path-sum
Binary Search Tree to Greater Sum Tree,Medium,https://leetcode.com/problems/binary-search-tree-to-greater-sum-tree
Find K-Length Substrings With No Repeated Characters,Medium,https://leetcode.com/problems/find-k-length-substrings-with-no-repeated-characters
Pow(x;n),Medium,https://leetcode.com/problems/powx-n
Find the Town Judge,Easy,https://leetcode.com/problems/find-the-town-judge
Sudoku Solver,Hard,https://leetcode.com/problems/sudoku-solver
Split Array With Same Average,Hard,https://leetcode.com/problems/split-array-with-same-average
Implement Stack using Queues,Easy,https://leetcode.com/problems/implement-stack-using-queues
K-Similar Strings,Hard,https://leetcode.com/problems/k-similar-strings
Kth Smallest Element in a BST,Medium,https://leetcode.com/problems/kth-smallest-element-in-a-bst
Accounts Merge,Medium,https://leetcode.com/problems/accounts-merge
Design Circular Queue,Medium,https://leetcode.com/problems/design-circular-queue
Longest Palindrome,Easy,https://leetcode.com/problems/longest-palindrome
01 Matrix,Medium,https://leetcode.com/problems/01-matrix
Number of Atoms,Hard,https://leetcode.com/problems/number-of-atoms
Convert Binary Search Tree to Sorted Doubly Linked List,Medium,https://leetcode.com/problems/convert-binary-search-tree-to-sorted-doubly-linked-list
Data Stream as Disjoint Intervals,Hard,https://leetcode.com/problems/data-stream-as-disjoint-intervals
Valid Tic-Tac-Toe State,Medium,https://leetcode.com/problems/valid-tic-tac-toe-state
Flatten a Multilevel Doubly Linked List,Medium,https://leetcode.com/problems/flatten-a-multilevel-doubly-linked-list
Binary Tree Paths,Easy,https://leetcode.com/problems/binary-tree-paths
Surrounded Regions,Medium,https://leetcode.com/problems/surrounded-regions
Move Zeroes,Easy,https://leetcode.com/problems/move-zeroes
Binary Tree Inorder Traversal,Medium,https://leetcode.com/problems/binary-tree-inorder-traversal
Palindrome Partitioning,Medium,https://leetcode.com/problems/palindrome-partitioning
Search in Rotated Sorted Array II,Medium,https://leetcode.com/problems/search-in-rotated-sorted-array-ii
Repeated DNA Sequences,Medium,https://leetcode.com/problems/repeated-dna-sequences
Palindrome Permutation,Easy,https://leetcode.com/problems/palindrome-permutation
Reverse Integer,Easy,https://leetcode.com/problems/reverse-integer
Insert Delete GetRandom O(1) - Duplicates allowed,Hard,https://leetcode.com/problems/insert-delete-getrandom-o1-duplicates-allowed
Diagonal Traverse,Medium,https://leetcode.com/problems/diagonal-traverse
Path with Maximum Gold,Medium,https://leetcode.com/problems/path-with-maximum-gold
Friend Circles,Medium,https://leetcode.com/problems/friend-circles
Partition List,Medium,https://leetcode.com/problems/partition-list
Stream of Characters,Hard,https://leetcode.com/problems/stream-of-characters
Most Frequent Subtree Sum,Medium,https://leetcode.com/problems/most-frequent-subtree-sum
Invert Binary Tree,Easy,https://leetcode.com/problems/invert-binary-tree
Perfect Squares,Medium,https://leetcode.com/problems/perfect-squares
Employees Earning More Than Their Managers,Easy,https://leetcode.com/problems/employees-earning-more-than-their-managers
Flatten Binary Tree to Linked List,Medium,https://leetcode.com/problems/flatten-binary-tree-to-linked-list
Palindromic Substrings,Medium,https://leetcode.com/problems/palindromic-substrings
Fizz Buzz,Easy,https://leetcode.com/problems/fizz-buzz
Convert Sorted Array to Binary Search Tree,Easy,https://leetcode.com/problems/convert-sorted-array-to-binary-search-tree
Web Crawler,Medium,https://leetcode.com/problems/web-crawler
Two Sum BSTs,Medium,https://leetcode.com/problems/two-sum-bsts
Cousins in Binary Tree,Easy,https://leetcode.com/problems/cousins-in-binary-tree
Design Log Storage System,Medium,https://leetcode.com/problems/design-log-storage-system
Reverse Words in a String II,Medium,https://leetcode.com/problems/reverse-words-in-a-string-ii
Rotate List,Medium,https://leetcode.com/problems/rotate-list
Pairs of Songs With Total Durations Divisible by 60,Easy,https://leetcode.com/problems/pairs-of-songs-with-total-durations-divisible-by-60
Find First and Last Position of Element in Sorted Array,Medium,https://leetcode.com/problems/find-first-and-last-position-of-element-in-sorted-array
Combine Two Tables,Easy,https://leetcode.com/problems/combine-two-tables
Closest Binary Search Tree Value II,Hard,https://leetcode.com/problems/closest-binary-search-tree-value-ii
Shortest Path Visiting All Nodes,Hard,https://leetcode.com/problems/shortest-path-visiting-all-nodes
Shortest Word Distance,Easy,https://leetcode.com/problems/shortest-word-distance
Count Primes,Easy,https://leetcode.com/problems/count-primes
Linked List Cycle II,Medium,https://leetcode.com/problems/linked-list-cycle-ii
Sqrt(x),Easy,https://leetcode.com/problems/sqrtx
Battleships in a Board,Medium,https://leetcode.com/problems/battleships-in-a-board
Palindrome Number,Easy,https://leetcode.com/problems/palindrome-number
Fraction to Recurring Decimal,Medium,https://leetcode.com/problems/fraction-to-recurring-decimal
Last Stone Weight,Easy,https://leetcode.com/problems/last-stone-weight
Island Perimeter,Easy,https://leetcode.com/problems/island-perimeter
Queue Reconstruction by Height,Medium,https://leetcode.com/problems/queue-reconstruction-by-height
Longest Turbulent Subarray,Medium,https://leetcode.com/problems/longest-turbulent-subarray
Find Peak Element,Medium,https://leetcode.com/problems/find-peak-element
Find Leaves of Binary Tree,Medium,https://leetcode.com/problems/find-leaves-of-binary-tree
Employee Importance,Easy,https://leetcode.com/problems/employee-importance
Partition to K Equal Sum Subsets,Medium,https://leetcode.com/problems/partition-to-k-equal-sum-subsets
Random Pick with Weight,Medium,https://leetcode.com/problems/random-pick-with-weight
Count and Say,Easy,https://leetcode.com/problems/count-and-say
Interval List Intersections,Medium,https://leetcode.com/problems/interval-list-intersections
Falling Squares,Hard,https://leetcode.com/problems/falling-squares
Insert into a Sorted Circular Linked List,Medium,https://leetcode.com/problems/insert-into-a-sorted-circular-linked-list
Remove Duplicate Letters,Hard,https://leetcode.com/problems/remove-duplicate-letters
Balanced Binary Tree,Easy,https://leetcode.com/problems/balanced-binary-tree
Video Stitching,Medium,https://leetcode.com/problems/video-stitching
Serialize and Deserialize N-ary Tree,Hard,https://leetcode.com/problems/serialize-and-deserialize-n-ary-tree
String Compression,Easy,https://leetcode.com/problems/string-compression
Remove K Digits,Medium,https://leetcode.com/problems/remove-k-digits
Bomb Enemy,Medium,https://leetcode.com/problems/bomb-enemy
Number of Digit One,Hard,https://leetcode.com/problems/number-of-digit-one
Find K Closest Elements,Medium,https://leetcode.com/problems/find-k-closest-elements
Sort Characters By Frequency,Medium,https://leetcode.com/problems/sort-characters-by-frequency
Android Unlock Patterns,Medium,https://leetcode.com/problems/android-unlock-patterns
Intersection of Two Arrays II,Easy,https://leetcode.com/problems/intersection-of-two-arrays-ii
Smallest Range Covering Elements from K Lists,Hard,https://leetcode.com/problems/smallest-range-covering-elements-from-k-lists
Longest Substring with At Most Two Distinct Characters,Medium,https://leetcode.com/problems/longest-substring-with-at-most-two-distinct-characters
Guess the Word,Hard,https://leetcode.com/problems/guess-the-word
Maximum XOR of Two Numbers in an Array,Medium,https://leetcode.com/problems/maximum-xor-of-two-numbers-in-an-array
House Robber,Easy,https://leetcode.com/problems/house-robber
All O`one Data Structure,Hard,https://leetcode.com/problems/all-oone-data-structure
Subarrays with K Different Integers,Hard,https://leetcode.com/problems/subarrays-with-k-different-integers
Is Graph Bipartite?,Medium,https://leetcode.com/problems/is-graph-bipartite
Wiggle Sort,Medium,https://leetcode.com/problems/wiggle-sort
House Robber III,Medium,https://leetcode.com/problems/house-robber-iii
Max Increase to Keep City Skyline,Medium,https://leetcode.com/problems/max-increase-to-keep-city-skyline
Optimal Account Balancing,Hard,https://leetcode.com/problems/optimal-account-balancing
Split Array Largest Sum,Hard,https://leetcode.com/problems/split-array-largest-sum
Rotate Array,Easy,https://leetcode.com/problems/rotate-array
Valid Palindrome,Easy,https://leetcode.com/problems/valid-palindrome
Minimum Knight Moves,Medium,https://leetcode.com/problems/minimum-knight-moves
Maximum Width of Binary Tree,Medium,https://leetcode.com/problems/maximum-width-of-binary-tree
Sales Analysis II,Easy,https://leetcode.com/problems/sales-analysis-ii
Remove Duplicates from Sorted List,Easy,https://leetcode.com/problems/remove-duplicates-from-sorted-list
Combination Sum II,Medium,https://leetcode.com/problems/combination-sum-ii
Stepping Numbers,Medium,https://leetcode.com/problems/stepping-numbers
Asteroid Collision,Medium,https://leetcode.com/problems/asteroid-collision
Remove Duplicates from Sorted List II,Medium,https://leetcode.com/problems/remove-duplicates-from-sorted-list-ii
Minimum Height Trees,Medium,https://leetcode.com/problems/minimum-height-trees
Sentence Similarity II,Medium,https://leetcode.com/problems/sentence-similarity-ii
Sum Root to Leaf Numbers,Medium,https://leetcode.com/problems/sum-root-to-leaf-numbers
Excel Sheet Column Number,Easy,https://leetcode.com/problems/excel-sheet-column-number
Odd Even Linked List,Medium,https://leetcode.com/problems/odd-even-linked-list
Merge Two Binary Trees,Easy,https://leetcode.com/problems/merge-two-binary-trees
First Unique Number,Medium,https://leetcode.com/problems/first-unique-number
High Five,Easy,https://leetcode.com/problems/high-five
Power of Two,Easy,https://leetcode.com/problems/power-of-two
Contiguous Array,Medium,https://leetcode.com/problems/contiguous-array
Valid Number,Hard,https://leetcode.com/problems/valid-number
Reverse Words in a String,Medium,https://leetcode.com/problems/reverse-words-in-a-string
Maximum Gap,Hard,https://leetcode.com/problems/maximum-gap
Line Reflection,Medium,https://leetcode.com/problems/line-reflection
Fibonacci Number,Easy,https://leetcode.com/problems/fibonacci-number
One Edit Distance,Medium,https://leetcode.com/problems/one-edit-distance
Online Stock Span,Medium,https://leetcode.com/problems/online-stock-span
Happy Number,Easy,https://leetcode.com/problems/happy-number
Meeting Scheduler,Medium,https://leetcode.com/problems/meeting-scheduler
Super Washing Machines,Hard,https://leetcode.com/problems/super-washing-machines
Find Winner on a Tic Tac Toe Game,Easy,https://leetcode.com/problems/find-winner-on-a-tic-tac-toe-game
Sum of Root To Leaf Binary Numbers,Easy,https://leetcode.com/problems/sum-of-root-to-leaf-binary-numbers
Subsets II,Medium,https://leetcode.com/problems/subsets-ii
Global and Local Inversions,Medium,https://leetcode.com/problems/global-and-local-inversions
Remove Duplicates from Sorted Array,Easy,https://leetcode.com/problems/remove-duplicates-from-sorted-array
Minimum Genetic Mutation,Medium,https://leetcode.com/problems/minimum-genetic-mutation
Single Number II,Medium,https://leetcode.com/problems/single-number-ii
Department Highest Salary,Medium,https://leetcode.com/problems/department-highest-salary
Max Consecutive Ones III,Medium,https://leetcode.com/problems/max-consecutive-ones-iii
Trapping Rain Water II,Hard,https://leetcode.com/problems/trapping-rain-water-ii
Combination Sum IV,Medium,https://leetcode.com/problems/combination-sum-iv
Construct Binary Tree from Inorder and Postorder Traversal,Medium,https://leetcode.com/problems/construct-binary-tree-from-inorder-and-postorder-traversal
Design File System,Medium,https://leetcode.com/problems/design-file-system
Find the Derangement of An Array,Medium,https://leetcode.com/problems/find-the-derangement-of-an-array
Split Linked List in Parts,Medium,https://leetcode.com/problems/split-linked-list-in-parts
My Calendar I,Medium,https://leetcode.com/problems/my-calendar-i
Palindrome Partitioning II,Hard,https://leetcode.com/problems/palindrome-partitioning-ii
Unique Email Addresses,Easy,https://leetcode.com/problems/unique-email-addresses
Count Univalue Subtrees,Medium,https://leetcode.com/problems/count-univalue-subtrees
Pascal's Triangle,Easy,https://leetcode.com/problems/pascals-triangle
Contains Duplicate,Easy,https://leetcode.com/problems/contains-duplicate
Permutation Sequence,Hard,https://leetcode.com/problems/permutation-sequence
Best Meeting Point,Hard,https://leetcode.com/problems/best-meeting-point
Plus One,Easy,https://leetcode.com/problems/plus-one
Design Twitter,Medium,https://leetcode.com/problems/design-twitter
Range Module,Hard,https://leetcode.com/problems/range-module
Couples Holding Hands,Hard,https://leetcode.com/problems/couples-holding-hands
Valid Triangle Number,Medium,https://leetcode.com/problems/valid-triangle-number
Bulls and Cows,Easy,https://leetcode.com/problems/bulls-and-cows
Add Strings,Easy,https://leetcode.com/problems/add-strings
Minimum Size Subarray Sum,Medium,https://leetcode.com/problems/minimum-size-subarray-sum
Reverse Words in a String III,Easy,https://leetcode.com/problems/reverse-words-in-a-string-iii
Find K-th Smallest Pair Distance,Hard,https://leetcode.com/problems/find-k-th-smallest-pair-distance
Self Crossing,Hard,https://leetcode.com/problems/self-crossing
UTF-8 Validation,Medium,https://leetcode.com/problems/utf-8-validation
Word Frequency,Medium,https://leetcode.com/problems/word-frequency
Campus Bikes,Medium,https://leetcode.com/problems/campus-bikes
Insert into a Binary Search Tree,Medium,https://leetcode.com/problems/insert-into-a-binary-search-tree
Jewels and Stones,Easy,https://leetcode.com/problems/jewels-and-stones
Repeated String Match,Easy,https://leetcode.com/problems/repeated-string-match
Reverse String II,Easy,https://leetcode.com/problems/reverse-string-ii
Average of Levels in Binary Tree,Easy,https://leetcode.com/problems/average-of-levels-in-binary-tree
Missing Ranges,Medium,https://leetcode.com/problems/missing-ranges
Network Delay Time,Medium,https://leetcode.com/problems/network-delay-time
Water and Jug Problem,Medium,https://leetcode.com/problems/water-and-jug-problem
Bulb Switcher,Medium,https://leetcode.com/problems/bulb-switcher
Longest Substring with At Least K Repeating Characters,Medium,https://leetcode.com/problems/longest-substring-with-at-least-k-repeating-characters
Nested List Weight Sum,Easy,https://leetcode.com/problems/nested-list-weight-sum
Maximum Sum of Two Non-Overlapping Subarrays,Medium,https://leetcode.com/problems/maximum-sum-of-two-non-overlapping-subarrays
Relative Sort Array,Easy,https://leetcode.com/problems/relative-sort-array
Gray Code,Medium,https://leetcode.com/problems/gray-code
Minimum Depth of Binary Tree,Easy,https://leetcode.com/problems/minimum-depth-of-binary-tree
Sum of Two Integers,Medium,https://leetcode.com/problems/sum-of-two-integers
Logical OR of Two Binary Grids Represented as Quad-Trees,Medium,https://leetcode.com/problems/logical-or-of-two-binary-grids-represented-as-quad-trees
Backspace String Compare,Easy,https://leetcode.com/problems/backspace-string-compare
Russian Doll Envelopes,Hard,https://leetcode.com/problems/russian-doll-envelopes
Sliding Puzzle,Hard,https://leetcode.com/problems/sliding-puzzle
Maximum Level Sum of a Binary Tree,Medium,https://leetcode.com/problems/maximum-level-sum-of-a-binary-tree
Arithmetic Slices,Medium,https://leetcode.com/problems/arithmetic-slices
Find Largest Value in Each Tree Row,Medium,https://leetcode.com/problems/find-largest-value-in-each-tree-row
Construct Quad Tree,Medium,https://leetcode.com/problems/construct-quad-tree
Delete Node in a BST,Medium,https://leetcode.com/problems/delete-node-in-a-bst
Same Tree,Easy,https://leetcode.com/problems/same-tree
Validate IP Address,Medium,https://leetcode.com/problems/validate-ip-address
Number of Islands II,Hard,https://leetcode.com/problems/number-of-islands-ii
Find Common Characters,Easy,https://leetcode.com/problems/find-common-characters
Dinner Plate Stacks,Hard,https://leetcode.com/problems/dinner-plate-stacks
Number of Days Between Two Dates,Easy,https://leetcode.com/problems/number-of-days-between-two-dates
Next Greater Node In Linked List,Medium,https://leetcode.com/problems/next-greater-node-in-linked-list
Matchsticks to Square,Medium,https://leetcode.com/problems/matchsticks-to-square
Minimum Window Subsequence,Hard,https://leetcode.com/problems/minimum-window-subsequence
Customers Who Never Order,Easy,https://leetcode.com/problems/customers-who-never-order
Minimum Cost Tree From Leaf Values,Medium,https://leetcode.com/problems/minimum-cost-tree-from-leaf-values
K Empty Slots,Hard,https://leetcode.com/problems/k-empty-slots
Multiply Strings,Medium,https://leetcode.com/problems/multiply-strings
Maximize Distance to Closest Person,Easy,https://leetcode.com/problems/maximize-distance-to-closest-person
Rank Scores,Medium,https://leetcode.com/problems/rank-scores
Count Complete Tree Nodes,Medium,https://leetcode.com/problems/count-complete-tree-nodes
Range Sum Query 2D - Immutable,Medium,https://leetcode.com/problems/range-sum-query-2d-immutable
Car Pooling,Medium,https://leetcode.com/problems/car-pooling
Campus Bikes II,Medium,https://leetcode.com/problems/campus-bikes-ii
Partition Equal Subset Sum,Medium,https://leetcode.com/problems/partition-equal-subset-sum
Minimum Difficulty of a Job Schedule,Hard,https://leetcode.com/problems/minimum-difficulty-of-a-job-schedule
Different Ways to Add Parentheses,Medium,https://leetcode.com/problems/different-ways-to-add-parentheses
Binary Tree Postorder Traversal,Hard,https://leetcode.com/problems/binary-tree-postorder-traversal
Maximum Sum BST in Binary Tree,Hard,https://leetcode.com/problems/maximum-sum-bst-in-binary-tree
Longest Univalue Path,Easy,https://leetcode.com/problems/longest-univalue-path
Permutations II,Medium,https://leetcode.com/problems/permutations-ii
Design Bounded Blocking Queue,Medium,https://leetcode.com/problems/design-bounded-blocking-queue
Delete Node in a Linked List,Easy,https://leetcode.com/problems/delete-node-in-a-linked-list
Number of Submatrices That Sum to Target,Hard,https://leetcode.com/problems/number-of-submatrices-that-sum-to-target
Maximum Length of Pair Chain,Medium,https://leetcode.com/problems/maximum-length-of-pair-chain
Minimize Malware Spread,Hard,https://leetcode.com/problems/minimize-malware-spread
Create Maximum Number,Hard,https://leetcode.com/problems/create-maximum-number
Sales Analysis III,Easy,https://leetcode.com/problems/sales-analysis-iii
Permutation in String,Medium,https://leetcode.com/problems/permutation-in-string
Range Sum Query - Mutable,Medium,https://leetcode.com/problems/range-sum-query-mutable
Pancake Sorting,Medium,https://leetcode.com/problems/pancake-sorting
Construct Binary Tree from Preorder and Postorder Traversal,Medium,https://leetcode.com/problems/construct-binary-tree-from-preorder-and-postorder-traversal
Distinct Subsequences,Hard,https://leetcode.com/problems/distinct-subsequences
Smallest Subsequence of Distinct Characters,Medium,https://leetcode.com/problems/smallest-subsequence-of-distinct-characters
Longest Common Subsequence,Medium,https://leetcode.com/problems/longest-common-subsequence
Shortest Palindrome,Hard,https://leetcode.com/problems/shortest-palindrome
Reverse Vowels of a String,Easy,https://leetcode.com/problems/reverse-vowels-of-a-string
Minimum Distance Between BST Nodes,Easy,https://leetcode.com/problems/minimum-distance-between-bst-nodes
Ugly Number II,Medium,https://leetcode.com/problems/ugly-number-ii
Consecutive Numbers,Medium,https://leetcode.com/problems/consecutive-numbers
Students Report By Geography,Hard,https://leetcode.com/problems/students-report-by-geography
Binary Tree Level Order Traversal II,Easy,https://leetcode.com/problems/binary-tree-level-order-traversal-ii
Sort Array By Parity,Easy,https://leetcode.com/problems/sort-array-by-parity
Lemonade Change,Easy,https://leetcode.com/problems/lemonade-change
Shortest Unsorted Continuous Subarray,Easy,https://leetcode.com/problems/shortest-unsorted-continuous-subarray
Increasing Triplet Subsequence,Medium,https://leetcode.com/problems/increasing-triplet-subsequence
Elimination Game,Medium,https://leetcode.com/problems/elimination-game
Find Cumulative Salary of an Employee,Hard,https://leetcode.com/problems/find-cumulative-salary-of-an-employee
Trips and Users,Hard,https://leetcode.com/problems/trips-and-users
Longest Happy String,Medium,https://leetcode.com/problems/longest-happy-string
Strong Password Checker,Hard,https://leetcode.com/problems/strong-password-checker
Making A Large Island,Hard,https://leetcode.com/problems/making-a-large-island
Sum of Nodes with Even-Valued Grandparent,Medium,https://leetcode.com/problems/sum-of-nodes-with-even-valued-grandparent
Longest Repeating Substring,Medium,https://leetcode.com/problems/longest-repeating-substring
Number of Boomerangs,Easy,https://leetcode.com/problems/number-of-boomerangs
K-diff Pairs in an Array,Easy,https://leetcode.com/problems/k-diff-pairs-in-an-array
Get Watched Videos by Your Friends,Medium,https://leetcode.com/problems/get-watched-videos-by-your-friends
Word Pattern,Easy,https://leetcode.com/problems/word-pattern
Middle of the Linked List,Easy,https://leetcode.com/problems/middle-of-the-linked-list
Random Pick with Blacklist,Hard,https://leetcode.com/problems/random-pick-with-blacklist
Maximum Sum Circular Subarray,Medium,https://leetcode.com/problems/maximum-sum-circular-subarray
Number of 1 Bits,Easy,https://leetcode.com/problems/number-of-1-bits
Length of Longest Fibonacci Subsequence,Medium,https://leetcode.com/problems/length-of-longest-fibonacci-subsequence
Customer Placing the Largest Number of Orders,Easy,https://leetcode.com/problems/customer-placing-the-largest-number-of-orders
Ransom Note,Easy,https://leetcode.com/problems/ransom-note
Dungeon Game,Hard,https://leetcode.com/problems/dungeon-game
Robot Return to Origin,Easy,https://leetcode.com/problems/robot-return-to-origin
Keys and Rooms,Medium,https://leetcode.com/problems/keys-and-rooms
Design A Leaderboard,Medium,https://leetcode.com/problems/design-a-leaderboard
Range Sum of BST,Easy,https://leetcode.com/problems/range-sum-of-bst
Unique Binary Search Trees II,Medium,https://leetcode.com/problems/unique-binary-search-trees-ii
Remove Linked List Elements,Easy,https://leetcode.com/problems/remove-linked-list-elements
Logger Rate Limiter,Easy,https://leetcode.com/problems/logger-rate-limiter
Complete Binary Tree Inserter,Medium,https://leetcode.com/problems/complete-binary-tree-inserter
Rotate String,Easy,https://leetcode.com/problems/rotate-string
Maximum Depth of N-ary Tree,Easy,https://leetcode.com/problems/maximum-depth-of-n-ary-tree
Read N Characters Given Read4 II - Call multiple times,Hard,https://leetcode.com/problems/read-n-characters-given-read4-ii-call-multiple-times
Path In Zigzag Labelled Binary Tree,Medium,https://leetcode.com/problems/path-in-zigzag-labelled-binary-tree
Linked List Random Node,Medium,https://leetcode.com/problems/linked-list-random-node
My Calendar III,Hard,https://leetcode.com/problems/my-calendar-iii
Minimum Domino Rotations For Equal Row,Medium,https://leetcode.com/problems/minimum-domino-rotations-for-equal-row
Shortest Word Distance II,Medium,https://leetcode.com/problems/shortest-word-distance-ii
Combinations,Medium,https://leetcode.com/problems/combinations
Third Maximum Number,Easy,https://leetcode.com/problems/third-maximum-number
Defanging an IP Address,Easy,https://leetcode.com/problems/defanging-an-ip-address
Partition Array Into Three Parts With Equal Sum,Easy,https://leetcode.com/problems/partition-array-into-three-parts-with-equal-sum
Pascal's Triangle II,Easy,https://leetcode.com/problems/pascals-triangle-ii
Largest 1-Bordered Square,Medium,https://leetcode.com/problems/largest-1-bordered-square
Min Cost Climbing Stairs,Easy,https://leetcode.com/problems/min-cost-climbing-stairs
Minimum Moves to Equal Array Elements,Easy,https://leetcode.com/problems/minimum-moves-to-equal-array-elements
Count The Repetitions,Hard,https://leetcode.com/problems/count-the-repetitions
Managers with at Least 5 Direct Reports,Medium,https://leetcode.com/problems/managers-with-at-least-5-direct-reports
Find Duplicate File in System,Medium,https://leetcode.com/problems/find-duplicate-file-in-system
Prime Number of Set Bits in Binary Representation,Easy,https://leetcode.com/problems/prime-number-of-set-bits-in-binary-representation
Largest Divisible Subset,Medium,https://leetcode.com/problems/largest-divisible-subset
Boats to Save People,Medium,https://leetcode.com/problems/boats-to-save-people
Minimum Number of Arrows to Burst Balloons,Medium,https://leetcode.com/problems/minimum-number-of-arrows-to-burst-balloons
My Calendar II,Medium,https://leetcode.com/problems/my-calendar-ii
Remove All Adjacent Duplicates In String,Easy,https://leetcode.com/problems/remove-all-adjacent-duplicates-in-string
K-th Symbol in Grammar,Medium,https://leetcode.com/problems/k-th-symbol-in-grammar
All People Report to the Given Manager,Medium,https://leetcode.com/problems/all-people-report-to-the-given-manager
Perfect Number,Easy,https://leetcode.com/problems/perfect-number
Search Insert Position,Easy,https://leetcode.com/problems/search-insert-position
Integer Replacement,Medium,https://leetcode.com/problems/integer-replacement
Subdomain Visit Count,Easy,https://leetcode.com/problems/subdomain-visit-count
Sparse Matrix Multiplication,Medium,https://leetcode.com/problems/sparse-matrix-multiplication
Minimum Area Rectangle,Medium,https://leetcode.com/problems/minimum-area-rectangle
Non-overlapping Intervals,Medium,https://leetcode.com/problems/non-overlapping-intervals
Trim a Binary Search Tree,Easy,https://leetcode.com/problems/trim-a-binary-search-tree
Exchange Seats,Medium,https://leetcode.com/problems/exchange-seats
Cherry Pickup,Hard,https://leetcode.com/problems/cherry-pickup
Shortest Subarray with Sum at Least K,Hard,https://leetcode.com/problems/shortest-subarray-with-sum-at-least-k
Minimum Remove to Make Valid Parentheses,Medium,https://leetcode.com/problems/minimum-remove-to-make-valid-parentheses
Smallest String With Swaps,Medium,https://leetcode.com/problems/smallest-string-with-swaps
Design Compressed String Iterator,Easy,https://leetcode.com/problems/design-compressed-string-iterator
Construct Binary Search Tree from Preorder Traversal,Medium,https://leetcode.com/problems/construct-binary-search-tree-from-preorder-traversal
Number of Closed Islands,Medium,https://leetcode.com/problems/number-of-closed-islands
Bulb Switcher III,Medium,https://leetcode.com/problems/bulb-switcher-iii
Missing Element in Sorted Array,Medium,https://leetcode.com/problems/missing-element-in-sorted-array
Human Traffic of Stadium,Hard,https://leetcode.com/problems/human-traffic-of-stadium
Find Smallest Common Element in All Rows,Medium,https://leetcode.com/problems/find-smallest-common-element-in-all-rows
Pyramid Transition Matrix,Medium,https://leetcode.com/problems/pyramid-transition-matrix
Rearrange String k Distance Apart,Hard,https://leetcode.com/problems/rearrange-string-k-distance-apart
Minimum Number of K Consecutive Bit Flips,Hard,https://leetcode.com/problems/minimum-number-of-k-consecutive-bit-flips
Shortest Path to Get All Keys,Hard,https://leetcode.com/problems/shortest-path-to-get-all-keys
Binary Tree Longest Consecutive Sequence II,Medium,https://leetcode.com/problems/binary-tree-longest-consecutive-sequence-ii
RLE Iterator,Medium,https://leetcode.com/problems/rle-iterator
Next Closest Time,Medium,https://leetcode.com/problems/next-closest-time
Redundant Connection,Medium,https://leetcode.com/problems/redundant-connection
Contains Duplicate II,Easy,https://leetcode.com/problems/contains-duplicate-ii
Number of Matching Subsequences,Medium,https://leetcode.com/problems/number-of-matching-subsequences
Peak Index in a Mountain Array,Easy,https://leetcode.com/problems/peak-index-in-a-mountain-array
Construct Binary Tree from String,Medium,https://leetcode.com/problems/construct-binary-tree-from-string
String Transforms Into Another String,Hard,https://leetcode.com/problems/string-transforms-into-another-string
Tree Diameter,Medium,https://leetcode.com/problems/tree-diameter
Minimum Number of Refueling Stops,Hard,https://leetcode.com/problems/minimum-number-of-refueling-stops
Predict the Winner,Medium,https://leetcode.com/problems/predict-the-winner
Longest Arithmetic Sequence,Medium,https://leetcode.com/problems/longest-arithmetic-sequence
Squares of a Sorted Array,Easy,https://leetcode.com/problems/squares-of-a-sorted-array
Continuous Subarray Sum,Medium,https://leetcode.com/problems/continuous-subarray-sum
Maximum Swap,Medium,https://leetcode.com/problems/maximum-swap
Count Number of Nice Subarrays,Medium,https://leetcode.com/problems/count-number-of-nice-subarrays
Array Partition I,Easy,https://leetcode.com/problems/array-partition-i
Score of Parentheses,Medium,https://leetcode.com/problems/score-of-parentheses
Design Linked List,Medium,https://leetcode.com/problems/design-linked-list
As Far from Land as Possible,Medium,https://leetcode.com/problems/as-far-from-land-as-possible
Check If a String Is a Valid Sequence from Root to Leaves Path in a Binary Tree,Medium,https://leetcode.com/problems/check-if-a-string-is-a-valid-sequence-from-root-to-leaves-path-in-a-binary-tree
Maximum Difference Between Node and Ancestor,Medium,https://leetcode.com/problems/maximum-difference-between-node-and-ancestor
Minimum Area Rectangle II,Medium,https://leetcode.com/problems/minimum-area-rectangle-ii
Reverse Pairs,Hard,https://leetcode.com/problems/reverse-pairs
Longest String Chain,Medium,https://leetcode.com/problems/longest-string-chain
Counting Bits,Medium,https://leetcode.com/problems/counting-bits
Longest Word in Dictionary,Easy,https://leetcode.com/problems/longest-word-in-dictionary
Sum of Left Leaves,Easy,https://leetcode.com/problems/sum-of-left-leaves
Find Pivot Index,Easy,https://leetcode.com/problems/find-pivot-index
Minimum Time Difference,Medium,https://leetcode.com/problems/minimum-time-difference
Distribute Coins in Binary Tree,Medium,https://leetcode.com/problems/distribute-coins-in-binary-tree
Web Crawler Multithreaded,Medium,https://leetcode.com/problems/web-crawler-multithreaded
Count Number of Teams,Medium,https://leetcode.com/problems/count-number-of-teams
Flip Equivalent Binary Trees,Medium,https://leetcode.com/problems/flip-equivalent-binary-trees
DI String Match,Easy,https://leetcode.com/problems/di-string-match
House Robber II,Medium,https://leetcode.com/problems/house-robber-ii
Best Time to Buy and Sell Stock with Transaction Fee,Medium,https://leetcode.com/problems/best-time-to-buy-and-sell-stock-with-transaction-fee
Wiggle Subsequence,Medium,https://leetcode.com/problems/wiggle-subsequence
Number of Longest Increasing Subsequence,Medium,https://leetcode.com/problems/number-of-longest-increasing-subsequence
Maximize Sum Of Array After K Negations,Easy,https://leetcode.com/problems/maximize-sum-of-array-after-k-negations
Exam Room,Medium,https://leetcode.com/problems/exam-room
Search in a Sorted Array of Unknown Size,Medium,https://leetcode.com/problems/search-in-a-sorted-array-of-unknown-size
N-ary Tree Level Order Traversal,Medium,https://leetcode.com/problems/n-ary-tree-level-order-traversal
Is Subsequence,Easy,https://leetcode.com/problems/is-subsequence
Sales by Day of the Week,Hard,https://leetcode.com/problems/sales-by-day-of-the-week
Find Words That Can Be Formed by Characters,Easy,https://leetcode.com/problems/find-words-that-can-be-formed-by-characters
Best Time to Buy and Sell Stock with Cooldown,Medium,https://leetcode.com/problems/best-time-to-buy-and-sell-stock-with-cooldown
Check Completeness of a Binary Tree,Medium,https://leetcode.com/problems/check-completeness-of-a-binary-tree
Subarray Sums Divisible by K,Medium,https://leetcode.com/problems/subarray-sums-divisible-by-k
Building H2O,Medium,https://leetcode.com/problems/building-h2o
All Paths from Source Lead to Destination,Medium,https://leetcode.com/problems/all-paths-from-source-lead-to-destination
Heaters,Easy,https://leetcode.com/problems/heaters
Remove Sub-Folders from the Filesystem,Medium,https://leetcode.com/problems/remove-sub-folders-from-the-filesystem
Task Scheduler,Medium,https://leetcode.com/problems/task-scheduler
Find and Replace Pattern,Medium,https://leetcode.com/problems/find-and-replace-pattern
Sort an Array,Medium,https://leetcode.com/problems/sort-an-array
Maximum Binary Tree,Medium,https://leetcode.com/problems/maximum-binary-tree
Print in Order,Easy,https://leetcode.com/problems/print-in-order
Letter Case Permutation,Medium,https://leetcode.com/problems/letter-case-permutation
Similar String Groups,Hard,https://leetcode.com/problems/similar-string-groups
Fruit Into Baskets,Medium,https://leetcode.com/problems/fruit-into-baskets
Replace Elements with Greatest Element on Right Side,Easy,https://leetcode.com/problems/replace-elements-with-greatest-element-on-right-side
Reformat Department Table,Easy,https://leetcode.com/problems/reformat-department-table
Binary Tree Preorder Traversal,Medium,https://leetcode.com/problems/binary-tree-preorder-traversal
24 Game,Hard,https://leetcode.com/problems/24-game
Add Binary,Easy,https://leetcode.com/problems/add-binary
Second Minimum Node In a Binary Tree,Easy,https://leetcode.com/problems/second-minimum-node-in-a-binary-tree
Product Sales Analysis I,Easy,https://leetcode.com/problems/product-sales-analysis-i
Split Array into Fibonacci Sequence,Medium,https://leetcode.com/problems/split-array-into-fibonacci-sequence
Delete Duplicate Emails,Easy,https://leetcode.com/problems/delete-duplicate-emails
Closest Leaf in a Binary Tree,Medium,https://leetcode.com/problems/closest-leaf-in-a-binary-tree
Vowel Spellchecker,Medium,https://leetcode.com/problems/vowel-spellchecker
Group Shifted Strings,Medium,https://leetcode.com/problems/group-shifted-strings
Factorial Trailing Zeroes,Easy,https://leetcode.com/problems/factorial-trailing-zeroes
Minimum Time Visiting All Points,Easy,https://leetcode.com/problems/minimum-time-visiting-all-points
Rotate Function,Medium,https://leetcode.com/problems/rotate-function
Palindrome Permutation II,Medium,https://leetcode.com/problems/palindrome-permutation-ii
Max Consecutive Ones,Easy,https://leetcode.com/problems/max-consecutive-ones
Remove Element,Easy,https://leetcode.com/problems/remove-element
Delete Nodes And Return Forest,Medium,https://leetcode.com/problems/delete-nodes-and-return-forest
Image Smoother,Easy,https://leetcode.com/problems/image-smoother
Camelcase Matching,Medium,https://leetcode.com/problems/camelcase-matching
Hamming Distance,Easy,https://leetcode.com/problems/hamming-distance
Open the Lock,Medium,https://leetcode.com/problems/open-the-lock
Can Place Flowers,Easy,https://leetcode.com/problems/can-place-flowers
Most Profit Assigning Work,Medium,https://leetcode.com/problems/most-profit-assigning-work
Valid Perfect Square,Easy,https://leetcode.com/problems/valid-perfect-square
Custom Sort String,Medium,https://leetcode.com/problems/custom-sort-string
Combination Sum III,Medium,https://leetcode.com/problems/combination-sum-iii
Minimum Swaps to Make Strings Equal,Medium,https://leetcode.com/problems/minimum-swaps-to-make-strings-equal
Word Subsets,Medium,https://leetcode.com/problems/word-subsets
Kill Process,Medium,https://leetcode.com/problems/kill-process
Minimum Add to Make Parentheses Valid,Medium,https://leetcode.com/problems/minimum-add-to-make-parentheses-valid
Repeated Substring Pattern,Easy,https://leetcode.com/problems/repeated-substring-pattern
First Bad Version,Easy,https://leetcode.com/problems/first-bad-version
Uncommon Words from Two Sentences,Easy,https://leetcode.com/problems/uncommon-words-from-two-sentences
Koko Eating Bananas,Medium,https://leetcode.com/problems/koko-eating-bananas
Design HashSet,Easy,https://leetcode.com/problems/design-hashset
Longest Continuous Increasing Subsequence,Easy,https://leetcode.com/problems/longest-continuous-increasing-subsequence
Sales Analysis I,Easy,https://leetcode.com/problems/sales-analysis-i
Single Number III,Medium,https://leetcode.com/problems/single-number-iii
Snapshot Array,Medium,https://leetcode.com/problems/snapshot-array
Verifying an Alien Dictionary,Easy,https://leetcode.com/problems/verifying-an-alien-dictionary
Binary Tree Pruning,Medium,https://leetcode.com/problems/binary-tree-pruning
The K Weakest Rows in a Matrix,Easy,https://leetcode.com/problems/the-k-weakest-rows-in-a-matrix
Friendly Movies Streamed Last Month,Easy,https://leetcode.com/problems/friendly-movies-streamed-last-month
Leaf-Similar Trees,Easy,https://leetcode.com/problems/leaf-similar-trees
Find Customer Referee,Easy,https://leetcode.com/problems/find-customer-referee
Remove Palindromic Subsequences,Easy,https://leetcode.com/problems/remove-palindromic-subsequences
Two City Scheduling,Easy,https://leetcode.com/problems/two-city-scheduling
Average Selling Price,Easy,https://leetcode.com/problems/average-selling-price
Minimum Swaps To Make Sequences Increasing,Medium,https://leetcode.com/problems/minimum-swaps-to-make-sequences-increasing
Product Sales Analysis II,Easy,https://leetcode.com/problems/product-sales-analysis-ii
Minimum Falling Path Sum,Medium,https://leetcode.com/problems/minimum-falling-path-sum
N-Queens II,Hard,https://leetcode.com/problems/n-queens-ii
Remove Duplicates from Sorted Array II,Medium,https://leetcode.com/problems/remove-duplicates-from-sorted-array-ii
Sort Array By Parity II,Easy,https://leetcode.com/problems/sort-array-by-parity-ii
Split a String in Balanced Strings,Easy,https://leetcode.com/problems/split-a-string-in-balanced-strings
Find the Team Size,Easy,https://leetcode.com/problems/find-the-team-size
Maximum Product of Splitted Binary Tree,Medium,https://leetcode.com/problems/maximum-product-of-splitted-binary-tree
Number of Equivalent Domino Pairs,Easy,https://leetcode.com/problems/number-of-equivalent-domino-pairs
Count Servers that Communicate,Medium,https://leetcode.com/problems/count-servers-that-communicate
Height Checker,Easy,https://leetcode.com/problems/height-checker
Balance a Binary Search Tree,Medium,https://leetcode.com/problems/balance-a-binary-search-tree
Maximum Number of Vowels in a Substring of Given Length,Medium,https://leetcode.com/problems/maximum-number-of-vowels-in-a-substring-of-given-length
Binary Search,Easy,https://leetcode.com/problems/binary-search
Univalued Binary Tree,Easy,https://leetcode.com/problems/univalued-binary-tree
N-ary Tree Postorder Traversal,Easy,https://leetcode.com/problems/n-ary-tree-postorder-traversal
Last Stone Weight II,Medium,https://leetcode.com/problems/last-stone-weight-ii
All Paths From Source to Target,Medium,https://leetcode.com/problems/all-paths-from-source-to-target
Customer Order Frequency,Easy,https://leetcode.com/problems/customer-order-frequency
Construct String from Binary Tree,Easy,https://leetcode.com/problems/construct-string-from-binary-tree
Reverse Bits,Easy,https://leetcode.com/problems/reverse-bits
Find N Unique Integers Sum up to Zero,Easy,https://leetcode.com/problems/find-n-unique-integers-sum-up-to-zero
Delete Leaves With a Given Value,Medium,https://leetcode.com/problems/delete-leaves-with-a-given-value
Angle Between Hands of a Clock,Medium,https://leetcode.com/problems/angle-between-hands-of-a-clock
Find Mode in Binary Search Tree,Easy,https://leetcode.com/problems/find-mode-in-binary-search-tree
Range Sum Query - Immutable,Easy,https://leetcode.com/problems/range-sum-query-immutable
Non-decreasing Array,Easy,https://leetcode.com/problems/non-decreasing-array
Maximum Number of Non-Overlapping Substrings,Hard,https://leetcode.com/problems/maximum-number-of-non-overlapping-substrings
Find Minimum in Rotated Sorted Array II,Hard,https://leetcode.com/problems/find-minimum-in-rotated-sorted-array-ii
Find the Difference,Easy,https://leetcode.com/problems/find-the-difference
How Many Numbers Are Smaller Than the Current Number,Easy,https://leetcode.com/problems/how-many-numbers-are-smaller-than-the-current-number
Count Negative Numbers in a Sorted Matrix,Easy,https://leetcode.com/problems/count-negative-numbers-in-a-sorted-matrix
Kids With the Greatest Number of Candies,Easy,https://leetcode.com/problems/kids-with-the-greatest-number-of-candies
Equal Tree Partition,Medium,https://leetcode.com/problems/equal-tree-partition
Complex Number Multiplication,Medium,https://leetcode.com/problems/complex-number-multiplication
Optimal Division,Medium,https://leetcode.com/problems/optimal-division
Set Mismatch,Easy,https://leetcode.com/problems/set-mismatch
Monotone Increasing Digits,Medium,https://leetcode.com/problems/monotone-increasing-digits
Split BST,Medium,https://leetcode.com/problems/split-bst
Loud and Rich,Medium,https://leetcode.com/problems/loud-and-rich
Orderly Queue,Hard,https://leetcode.com/problems/orderly-queue
Numbers At Most N Given Digit Set,Hard,https://leetcode.com/problems/numbers-at-most-n-given-digit-set
Digit Count in Range,Hard,https://leetcode.com/problems/digit-count-in-range
Index Pairs of a String,Easy,https://leetcode.com/problems/index-pairs-of-a-string
Sum of Digits in the Minimum Number,Easy,https://leetcode.com/problems/sum-of-digits-in-the-minimum-number
Number of Days in a Month,Easy,https://leetcode.com/problems/number-of-days-in-a-month
Remove Vowels from a String,Easy,https://leetcode.com/problems/remove-vowels-from-a-string
Armstrong Number,Easy,https://leetcode.com/problems/armstrong-number
Recover a Tree From Preorder Traversal,Hard,https://leetcode.com/problems/recover-a-tree-from-preorder-traversal
Largest Unique Number,Easy,https://leetcode.com/problems/largest-unique-number
Uncrossed Lines,Medium,https://leetcode.com/problems/uncrossed-lines
Customers Who Bought All Products,Medium,https://leetcode.com/problems/customers-who-bought-all-products
Actors and Directors Who Cooperated At Least Three Times,Easy,https://leetcode.com/problems/actors-and-directors-who-cooperated-at-least-three-times
Distant Barcodes,Medium,https://leetcode.com/problems/distant-barcodes
Product Sales Analysis III,Medium,https://leetcode.com/problems/product-sales-analysis-iii
Insufficient Nodes in Root to Leaf Paths,Medium,https://leetcode.com/problems/insufficient-nodes-in-root-to-leaf-paths
Handshakes That Don't Cross,Hard,https://leetcode.com/problems/handshakes-that-dont-cross
Remove Covered Intervals,Medium,https://leetcode.com/problems/remove-covered-intervals
Shortest Path with Alternating Colors,Medium,https://leetcode.com/problems/shortest-path-with-alternating-colors
Closest Divisors,Medium,https://leetcode.com/problems/closest-divisors
Largest Multiple of Three,Hard,https://leetcode.com/problems/largest-multiple-of-three
Prime Arrangements,Easy,https://leetcode.com/problems/prime-arrangements
Diet Plan Performance,Easy,https://leetcode.com/problems/diet-plan-performance
Maximum Score Words Formed by Letters,Hard,https://leetcode.com/problems/maximum-score-words-formed-by-letters
Shift 2D Grid,Easy,https://leetcode.com/problems/shift-2d-grid
All Elements in Two Binary Search Trees,Medium,https://leetcode.com/problems/all-elements-in-two-binary-search-trees
List the Products Ordered in a Period,Easy,https://leetcode.com/problems/list-the-products-ordered-in-a-period
Students With Invalid Departments,Easy,https://leetcode.com/problems/students-with-invalid-departments
Number of Steps to Reduce a Number in Binary Representation to One,Medium,https://leetcode.com/problems/number-of-steps-to-reduce-a-number-in-binary-representation-to-one
String Matching in an Array,Easy,https://leetcode.com/problems/string-matching-in-an-array
Queries on a Permutation With Key,Medium,https://leetcode.com/problems/queries-on-a-permutation-with-key
NPV Queries,Medium,https://leetcode.com/problems/npv-queries
Pseudo-Palindromic Paths in a Binary Tree,Medium,https://leetcode.com/problems/pseudo-palindromic-paths-in-a-binary-tree
Find Critical and Pseudo-Critical Edges in Minimum Spanning Tree,Hard,https://leetcode.com/problems/find-critical-and-pseudo-critical-edges-in-minimum-spanning-tree
Path Crossing,Easy,https://leetcode.com/problems/path-crossing
Clone Binary Tree With Random Pointer,Medium,https://leetcode.com/problems/clone-binary-tree-with-random-pointer
Can Make Arithmetic Progression From Sequence,Easy,https://leetcode.com/problems/can-make-arithmetic-progression-from-sequence
Clone N-ary Tree,Medium,https://leetcode.com/problems/clone-n-ary-tree
Find the Index of the Large Integer,Medium,https://leetcode.com/problems/find-the-index-of-the-large-integer